{"jgualla1": [0.5654140325939225], "cbecraf3": [0.4932211235353931], "dstraus6": [0.43688148560467954], "gvanatt1": [0.45571271814297243], "asolant1": [0.46672075722311984], "mhumph18": [0.46302509505994877], "sarasha1": [0.40737160948701806], "sparvat1": [0.47576801164888066], "drodri33": [0.43931074518945434], "sroy31": [0.4534772005105209], "ohussei3": [0.4665778530250505], "jecker8": [0.3774001654746655], "ilopezv1": [0.46922694321485464], "azhang48": [0.45775422626773593], "asarkar9": [0.4579418026679955], "kkocian1": [0.4649772955607408]}