{"jgualla1": [0.34271203980897486], "cbecraf3": [0.3548551889684604], "dstraus6": [0.32986513391454164], "gvanatt1": [0.23744417828692388], "asolant1": [0.3746766831535561], "mhumph18": [0.31634510639951247], "sarasha1": [0.14449721290966658], "sparvat1": [0.289975960398782], "drodri33": [0.324218873915565], "sroy31": [0.31121672373735393], "ohussei3": [0.3233941459254818], "jecker8": [0.26528281772294804], "ilopezv1": [0.3424063269650874], "azhang48": [0.3258869741259865], "asarkar9": [0.2961225581948867], "kkocian1": [0.34695525465637866]}