{"jgualla1": [0.48515627413560425], "cbecraf3": [0.483033185990452], "dstraus6": [0.4052033728276731], "gvanatt1": [0.368558632337202], "asolant1": [0.4126101410681603], "mhumph18": [0.4853953952603609], "sarasha1": [0.42213803584081727], "sparvat1": [0.41442860477261684], "drodri33": [0.5033816476826518], "sroy31": [0.4912194025448381], "ohussei3": [0.4098069028578311], "jecker8": [0.3948275656455297], "ilopezv1": [0.4810089569370605], "azhang48": [0.48485953826357614], "asarkar9": [0.457382345782226], "kkocian1": [0.48636764253491493]}