{"jgualla1": [0.5654140325939225, 0.5714285714285714], "cbecraf3": [0.4932211235353931, 0.47111111111111104], "dstraus6": [0.43688148560467954, 0.4360189573459716], "gvanatt1": [0.45571271814297243, 0.45662100456621], "asolant1": [0.46672075722311984, 0.47111111111111115], "mhumph18": [0.46302509505994877, 0.4734513274336283], "sarasha1": [0.40737160948701806, 0.4035087719298246], "sparvat1": [0.47576801164888066, 0.49], "drodri33": [0.43931074518945434, 0.4278846153846153], "sroy31": [0.4534772005105209, 0.4516129032258064], "ohussei3": [0.4665778530250505, 0.4516129032258065], "jecker8": [0.3774001654746655, 0.3901345291479821], "ilopezv1": [0.46922694321485464, 0.45662100456621], "azhang48": [0.45775422626773593, 0.45662100456621], "asarkar9": [0.4579418026679955, 0.44131455399061037], "kkocian1": [0.4649772955607408, 0.4757709251101322]}