{"jgualla1": [0.41346094832232605], "cbecraf3": [0.30749188649909504], "dstraus6": [0.25698603193148706], "gvanatt1": [0.2613445487345338], "asolant1": [0.28556240359263235], "mhumph18": [0.2542575385640088], "sarasha1": [0.25790267518280924], "sparvat1": [0.3498824635542678], "drodri33": [0.30137175065506333], "sroy31": [0.2553259386803992], "ohussei3": [0.2752244628729891], "jecker8": [0.3023442143369814], "ilopezv1": [0.2698223176512378], "azhang48": [0.28091243678115546], "asarkar9": [0.29879467120248243], "kkocian1": [0.2508415970279963]}