{"cbecraf3": [0.48763487725730886], "dstraus6": [0.4419679030199392], "gvanatt1": [0.43996430685386506], "asolant1": [0.45924162763701615], "mhumph18": [0.4552819896050472], "sarasha1": [0.4015608812709995], "sparvat1": [0.4689351145217599], "drodri33": [0.4298737576009461], "sroy31": [0.44505210258780303], "ohussei3": [0.45160552279894856], "jecker8": [0.3734049391990464], "ilopezv1": [0.4678344531222529], "azhang48": [0.44963463018481925], "asarkar9": [0.4423526117021041], "kkocian1": [0.44989063980147403]}