{"jgualla1": [0.48515627413560425, 0.500395256916996], "cbecraf3": [0.483033185990452, 0.4643112062812277], "dstraus6": [0.4052033728276731, 0.38646449704142016], "gvanatt1": [0.368558632337202, 0.34415094339622654], "asolant1": [0.4126101410681603, 0.40452261306532666], "mhumph18": [0.4853953952603609, 0.4977039915224303], "sarasha1": [0.42213803584081727, 0.4334887056292578], "sparvat1": [0.41442860477261684, 0.4203354297693921], "drodri33": [0.5033816476826518, 0.4964379452568428], "sroy31": [0.4912194025448381, 0.49549211119459047], "ohussei3": [0.4098069028578311, 0.4100074682598954], "jecker8": [0.3948275656455297, 0.4035234899328859], "ilopezv1": [0.4810089569370605, 0.500395256916996], "azhang48": [0.48485953826357614, 0.508598609586535], "asarkar9": [0.457382345782226, 0.45773121387283244], "kkocian1": [0.48636764253491493, 0.486457204767064]}