{"jgualla1": [0.34271203980897486, 0.34219269102990035], "cbecraf3": [0.3548551889684604, 0.37885530151910396], "dstraus6": [0.32986513391454164, 0.33844534656442626], "gvanatt1": [0.23744417828692388, 0.24053060572159168], "asolant1": [0.3746766831535561, 0.37408975444538517], "mhumph18": [0.31634510639951247, 0.3290390429867227], "sarasha1": [0.14449721290966658, 0.1350170648464165], "sparvat1": [0.289975960398782, 0.3091882247992864], "drodri33": [0.324218873915565, 0.3401319736052789], "sroy31": [0.31121672373735393, 0.3122121423586881], "ohussei3": [0.3233941459254818, 0.33396404919583733], "jecker8": [0.26528281772294804, 0.27846948071667177], "ilopezv1": [0.3424063269650874, 0.3585070710016037], "azhang48": [0.3258869741259865, 0.342874922215308], "asarkar9": [0.2961225581948867, 0.31609624869227326], "kkocian1": [0.34695525465637866, 0.362423843240573]}