{"jgualla1": [0.6994818652849741], "cbecraf3": [0.7550077041602465], "dstraus6": [0.7542372881355932], "gvanatt1": [0.6309707241910631], "asolant1": [0.75115562403698], "mhumph18": [0.7538330494037478], "sarasha1": [0.6648690292758089], "sparvat1": [0.7395993836671803], "drodri33": [0.7541899441340782], "sroy31": [0.7479270315091211], "ohussei3": [0.7244094488188977], "jecker8": [0.6862595419847328], "ilopezv1": [0.7519260400616333], "azhang48": [0.7704160246533128], "asarkar9": [0.714175654853621], "kkocian1": [0.7419106317411402]}