{"jgualla1": [0.5479041916167665], "zshane1": [0.5423728813559322], "dstraus6": [0.5240963855421686], "gvanatt1": [0.3735725938009788], "cbecraf3": [0.48238897396630936], "ilopezv1": [0.463768115942029], "kkocian1": [0.49787835926449786], "jecker8": [0.4899845916795069], "mhumph18": [0.5314685314685315], "sparvat1": [0.5049833887043189], "azhang48": [0.5928792569659442], "sroy31": [0.5160744500846024], "ohussei3": [0.5498533724340176], "drodri33": [0.4951923076923077], "asarkar9": [0.47421203438395415], "asolant1": [0.5610859728506787], "sarasha1": [0.4015503875968992]}