{"jgualla1": [0.6625], "zshane1": [0.6355140186915887], "dstraus6": [0.6276595744680851], "gvanatt1": [0.5167173252279635], "cbecraf3": [0.6033434650455927], "ilopezv1": [0.5501519756838906], "kkocian1": [0.5820668693009119], "jecker8": [0.6137724550898204], "mhumph18": [0.5980243161094225], "sparvat1": [0.621580547112462], "azhang48": [0.6609281437125748], "sroy31": [0.5998376623376623], "ohussei3": [0.6405775075987842], "drodri33": [0.5741626794258373], "asarkar9": [0.5577507598784195], "asolant1": [0.6238532110091743], "sarasha1": [0.5389908256880734]}