{"jgualla1": [0.5479041916167665, 0.5808383233532934, 2.748502994011976], "zshane1": [0.5423728813559322, 0.4491525423728814, 2.4152542372881354], "dstraus6": [0.5240963855421686, 0.07530120481927711, 2.6701807228915664], "gvanatt1": [0.3735725938009788, 2.2887438825448614, 0.5823817292006526], "cbecraf3": [0.48238897396630936, 0.885145482388974, 3.875957120980092], "ilopezv1": [0.463768115942029, 0.9891304347826086, 1.5615942028985508], "kkocian1": [0.49787835926449786, 1.2362093352192363, 3.8415841584158414], "jecker8": [0.4899845916795069, 0.1016949152542373, 3.13713405238829], "mhumph18": [0.5314685314685315, 0.42097902097902096, 2.5146853146853148], "sparvat1": [0.5049833887043189, 0.5099667774086378, 2.985049833887043], "azhang48": [0.5928792569659442, 0.19040247678018576, 2.7476780185758516], "sroy31": [0.5160744500846024, 0.9712351945854484, 3.6362098138747885], "ohussei3": [0.5498533724340176, 0.9252199413489736, 3.5483870967741935], "drodri33": [0.4951923076923077, 1.1586538461538463, 1.7451923076923077], "asarkar9": [0.47421203438395415, 0.9126074498567335, 4.525787965616046], "asolant1": [0.5610859728506787, 0.0015082956259426848, 2.2805429864253393], "sarasha1": [0.4015503875968992, 1.0976744186046512, 0.8744186046511628]}